config_name,run_number,window_start_s,window_end_s,label,controller_delay_mean_s,controller_delay_max_s,controller_delay_last_s,controller_packet_error_rate_mean,controller_packet_error_rate_max,controller_packet_error_rate_last,receiver_app0_packet_count,receiver_app0_seq_progress,receiver_app0_last_seq,receiver_app0_e2e_delay_mean_s,receiver_app0_e2e_delay_max_s,receiver_app0_throughput_mean_bps,receiver_app0_throughput_last_bps,receiver_app1_packet_count,receiver_app1_seq_progress,receiver_app1_last_seq,receiver_app1_e2e_delay_mean_s,receiver_app1_e2e_delay_max_s,receiver_app1_throughput_mean_bps,receiver_app1_throughput_last_bps,receiver_total_packet_count
MildLinear,0,0.0,1.0,normal,1e-07,1e-07,1e-07,0.0,0.0,0.0,0,0,,,,0.0,0.0,0,0,,,,0.0,0.0,0
MildLinear,0,1.0,2.0,normal,1e-07,1e-07,1e-07,0.0,0.0,0.0,0,0,,,,0.0,0.0,0,0,,,,0.0,0.0,0
MildLinear,0,2.0,3.0,normal,1e-07,1e-07,1e-07,0.0,0.0,0.0,0,0,,,,0.0,0.0,0,0,,,,0.0,0.0,0
MildLinear,0,3.0,4.0,normal,1e-07,1e-07,1e-07,0.0,0.0,0.0,0,0,,,,0.0,0.0,0,0,,,,0.0,0.0,0
MildLinear,0,4.0,5.0,normal,1e-07,1e-07,1e-07,0.0,0.0,0.0,0,0,,,,0.0,0.0,0,0,,,,0.0,0.0,0
MildLinear,0,5.0,6.0,normal,1e-07,1e-07,1e-07,0.0,0.0,0.0,0,0,,,,0.0,0.0,0,0,,,,0.0,0.0,0
MildLinear,0,6.0,7.0,normal,1e-07,1e-07,1e-07,0.0,0.0,0.0,0,0,,,,0.0,0.0,0,0,,,,0.0,0.0,0
MildLinear,0,7.0,8.0,normal,1e-07,1e-07,1e-07,0.0,0.0,0.0,0,0,,,,0.0,0.0,0,0,,,,0.0,0.0,0
MildLinear,0,8.0,9.0,normal,1e-07,1e-07,1e-07,0.0,0.0,0.0,0,0,,,,0.0,0.0,0,0,,,,0.0,0.0,0
MildLinear,0,9.0,10.0,normal,1e-07,1e-07,1e-07,0.0,0.0,0.0,0,0,,,,0.0,0.0,0,0,,,,0.0,0.0,0
MildLinear,0,10.0,11.0,normal,1e-07,1e-07,1e-07,0.0,0.0,0.0,1,1,0,0.00020496,0.00020496,3723.6363636363635,0.0,0,0,,,,0.0,0.0,1
MildLinear,0,11.0,12.0,normal,1e-07,1e-07,1e-07,0.0,0.0,0.0,1,1,1,0.00019324,0.00020496,3723.6363636363635,0.0,0,0,,,,0.0,0.0,1
MildLinear,0,12.0,13.0,normal,1e-07,1e-07,1e-07,0.0,0.0,0.0,1,1,2,0.00018928,0.00019704,3723.6363636363635,0.0,4,4,3,5.864e-05,5.864e-05,3723.6363636363635,0.0,5
MildLinear,0,13.0,14.0,normal,1e-07,1e-07,1e-07,0.0,0.0,0.0,1,1,3,0.00018928,0.00019704,3723.6363636363635,0.0,4,4,7,8.632e-05,0.00019704,3723.6363636363635,0.0,5
MildLinear,0,14.0,15.0,normal,1e-07,1e-07,1e-07,0.0,0.0,0.0,1,1,4,0.00018152,0.00018152,3723.6363636363635,0.0,4,4,11,8.632e-05,0.00019704,3723.6363636363635,0.0,5
MildLinear,0,15.0,16.0,normal,1e-07,1e-07,1e-07,0.0,0.0,0.0,1,1,5,0.00018152,0.00018152,3723.6363636363635,0.0,4,4,15,8.632e-05,0.00019704,3723.6363636363635,0.0,5
MildLinear,0,16.0,17.0,normal,1e-07,1e-07,1e-07,0.0,0.0,0.0,1,1,6,0.00018152,0.00018152,3723.6363636363635,0.0,4,4,19,8.632e-05,0.00019704,3723.6363636363635,0.0,5
MildLinear,0,17.0,18.0,normal,1e-07,1e-07,1e-07,0.0,0.0,0.0,1,1,7,0.00018152,0.00018152,3723.6363636363635,0.0,4,4,23,8.632e-05,0.00019704,3723.6363636363635,0.0,5
MildLinear,0,18.0,19.0,normal,1e-07,1e-07,1e-07,0.0,0.0,0.0,1,1,8,0.00018152,0.00018152,3723.6363636363635,0.0,4,4,27,8.632e-05,0.00019704,3723.6363636363635,0.0,5
MildLinear,0,19.0,20.0,normal,1e-07,1e-07,1e-07,0.0,0.0,0.0,1,1,9,0.00018152,0.00018152,3723.6363636363635,0.0,4,4,31,8.632e-05,0.00019704,3723.6363636363635,0.0,5
MildLinear,0,20.0,21.0,degraded,0.000281348125,0.000750095,0.000750095,0.0005625000000000001,0.0015,0.0015,1,1,10,0.00018152,0.00018152,3723.6363636363635,0.0,4,4,35,0.00023631900000000003,0.0004336375,3723.6363636363635,0.0,5
MildLinear,0,21.0,22.0,degraded,0.001031343125,0.00150009,0.00150009,0.0020625,0.003,0.003,1,1,11,0.0005565175,0.000931515,3723.6363636363635,0.0,4,4,39,0.0009113144999999999,0.0011836325,3723.6363636363635,0.0,5
MildLinear,0,22.0,23.0,degraded,0.001781338125,0.002250085,0.002250085,0.0035624999999999997,0.0045,0.0045,1,1,12,0.0013065124999999999,0.00168151,3723.6363636363635,0.0,4,4,43,0.0016613095,0.0019336275,3723.6363636363635,0.0,5
MildLinear,0,23.0,24.0,degraded,0.002531333125,0.00300008,0.00300008,0.0050625,0.006,0.006,1,1,13,0.0020565075,0.002431505,3723.6363636363635,0.0,4,4,47,0.0024113045,0.0026836225,3723.6363636363635,0.0,5
MildLinear,0,24.0,25.0,degraded,0.003281328125,0.003750075,0.003750075,0.0065625,0.0075,0.0075,1,1,14,0.0028065025,0.0031815,3723.6363636363635,0.0,4,4,51,0.0031612995,0.0034336175,3723.6363636363635,0.0,5
MildLinear,0,25.0,26.0,degraded,0.004031323125,0.00450007,0.00450007,0.0080625,0.009,0.009,1,1,15,0.0035564975,0.003931495,3723.6363636363635,0.0,4,4,55,0.003911294500000001,0.0041836125,3723.6363636363635,0.0,5
MildLinear,0,26.0,27.0,degraded,0.004781318125,0.005250065,0.005250065,0.0095625,0.0105,0.0105,1,1,16,0.0043064925,0.00468149,3723.6363636363635,0.0,4,4,59,0.0046612895000000005,0.0049336075,3723.6363636363635,0.0,5
MildLinear,0,27.0,28.0,degraded,0.0055313131249999994,0.00600006,0.00600006,0.0110625,0.012,0.012,1,1,17,0.0050564875,0.005431485,3723.6363636363635,0.0,4,4,63,0.0054112845,0.0056836025,3723.6363636363635,0.0,5
MildLinear,0,28.0,29.0,degraded,0.006281308124999999,0.006750055,0.006750055,0.0125625,0.0135,0.0135,1,1,18,0.0058064825,0.00618148,3723.6363636363635,0.0,4,4,67,0.0061612795,0.0064335975,3723.6363636363635,0.0,5
MildLinear,0,29.0,30.0,degraded,0.007031303125,0.00750005,0.00750005,0.0140625,0.015,0.015,1,1,19,0.0065564774999999995,0.006931475,3723.6363636363635,0.0,4,4,71,0.0069112745,0.0071835925,3723.6363636363635,0.0,5
MildLinear,0,30.0,31.0,degraded,0.007781298125,0.008250045,0.008250045,0.0155625,0.0165,0.0165,1,1,20,0.0073064725,0.00768147,3723.6363636363635,0.0,4,4,75,0.0076612695,0.0079335875,3723.6363636363635,0.0,5
MildLinear,0,31.0,32.0,degraded,0.008531293124999999,0.00900004,0.00900004,0.0170625,0.018,0.018,1,1,21,0.008056467500000001,0.008431465,3723.6363636363635,0.0,4,4,79,0.0084112645,0.0086835825,3723.6363636363635,0.0,5
MildLinear,0,32.0,33.0,degraded,0.009281288125,0.009750035,0.009750035,0.0185625,0.0195,0.0195,1,1,22,0.0088064625,0.00918146,3723.6363636363635,0.0,4,4,83,0.009161259500000001,0.0094335775,3723.6363636363635,0.0,5
MildLinear,0,33.0,34.0,degraded,0.010031283125,0.01050003,0.01050003,0.0200625,0.021,0.021,1,1,23,0.0095564575,0.009931455,3723.6363636363635,0.0,3,4,87,0.009936924375,0.0101835725,2792.7272727272725,0.0,4
MildLinear,0,34.0,35.0,degraded,0.010781278125,0.011250025,0.011250025,0.0215625,0.0225,0.0225,1,1,24,0.0103064525,0.01068145,3723.6363636363635,0.0,4,4,91,0.0106612495,0.0109335675,3723.6363636363635,0.0,5
MildLinear,0,35.0,36.0,degraded,0.011531273125,0.01200002,0.01200002,0.0230625,0.024,0.024,1,1,25,0.0110564475,0.011431445,3723.6363636363635,0.0,4,4,95,0.011411244499999999,0.0116835625,3723.6363636363635,0.0,5
MildLinear,0,36.0,37.0,degraded,0.012281268125,0.012750015,0.012750015,0.0245625,0.0255,0.0255,1,1,26,0.0118064425,0.01218144,3723.6363636363635,0.0,4,4,99,0.0121612395,0.0124335575,3723.6363636363635,0.0,5
MildLinear,0,37.0,38.0,degraded,0.013031263125,0.01350001,0.01350001,0.0260625,0.027,0.027,1,1,27,0.0125564375,0.012931435,3723.6363636363635,0.0,4,4,103,0.012911234499999999,0.0131835525,3723.6363636363635,0.0,5
MildLinear,0,38.0,39.0,degraded,0.013781258125,0.014250005,0.014250005,0.0275625,0.0285,0.0285,1,1,28,0.0133064325,0.01368143,3723.6363636363635,0.0,4,4,107,0.0136612295,0.0139335475,3723.6363636363635,0.0,5
MildLinear,0,39.0,40.0,degraded,0.014531253124999999,0.015,0.015,0.0290625,0.03,0.03,1,1,29,0.0140564275,0.014431425,3723.6363636363635,0.0,4,4,111,0.0144112245,0.0146835425,3723.6363636363635,0.0,5
MildLinear,0,40.0,41.0,pre_failure,0.015,0.015,0.015,0.03,0.03,0.03,1,1,30,0.0148064225,0.01518142,3723.6363636363635,0.0,4,4,115,0.0150112205,0.01519694,3723.6363636363635,0.0,5
MildLinear,0,41.0,42.0,pre_failure,0.015,0.015,0.015,0.03,0.03,0.03,1,1,31,0.01518142,0.01518142,3723.6363636363635,0.0,4,4,119,0.015086220000000001,0.01519694,3723.6363636363635,0.0,5
MildLinear,0,42.0,43.0,pre_failure,0.015,0.015,0.015,0.03,0.03,0.03,1,1,32,0.01518142,0.01518142,3723.6363636363635,0.0,4,4,123,0.015086220000000001,0.01519694,3723.6363636363635,0.0,5
MildLinear,0,43.0,44.0,pre_failure,0.015,0.015,0.015,0.03,0.03,0.03,1,1,33,0.01518142,0.01518142,3723.6363636363635,0.0,4,4,127,0.015086220000000001,0.01519694,3723.6363636363635,0.0,5
MildLinear,0,44.0,45.0,pre_failure,0.015,0.015,0.015,0.03,0.03,0.03,1,1,34,0.01518142,0.01518142,3723.6363636363635,0.0,4,4,131,0.015086220000000001,0.01519694,3723.6363636363635,0.0,5
MildLinear,0,45.0,46.0,failed,0.015,0.015,0.015,0.03,0.03,0.03,1,1,35,0.007681469999999999,0.01518142,3723.6363636363635,0.0,4,4,135,0.0030863,0.01505854,3723.6363636363635,0.0,5
MildLinear,0,46.0,47.0,failed,0.015,0.015,0.015,0.03,0.03,0.03,1,1,36,0.00018152,0.00018152,3723.6363636363635,0.0,4,4,139,8.632e-05,0.00019704,3723.6363636363635,0.0,5
MildLinear,0,47.0,48.0,failed,0.015,0.015,0.015,0.03,0.03,0.03,1,1,37,0.00018152,0.00018152,3723.6363636363635,0.0,4,4,143,8.632e-05,0.00019704,3723.6363636363635,0.0,5
MildLinear,0,48.0,49.0,failed,0.015,0.015,0.015,0.03,0.03,0.03,1,1,38,0.00018152,0.00018152,3723.6363636363635,0.0,4,4,147,8.632e-05,0.00019704,3723.6363636363635,0.0,5
MildLinear,0,49.0,50.0,failed,0.015,0.015,0.015,0.03,0.03,0.03,1,1,39,0.00018152,0.00018152,3723.6363636363635,0.0,4,4,151,8.632e-05,0.00019704,3723.6363636363635,0.0,5
MildLinear,0,50.0,51.0,failed,0.015,0.015,0.015,0.03,0.03,0.03,1,1,40,0.00018152,0.00018152,3723.6363636363635,0.0,4,4,155,8.632e-05,0.00019704,3723.6363636363635,0.0,5
MildLinear,0,51.0,52.0,failed,0.015,0.015,0.015,0.03,0.03,0.03,1,1,41,0.00018152,0.00018152,3723.6363636363635,0.0,4,4,159,8.632e-05,0.00019704,3723.6363636363635,0.0,5
MildLinear,0,52.0,53.0,failed,0.015,0.015,0.015,0.03,0.03,0.03,1,1,42,0.00018152,0.00018152,3723.6363636363635,0.0,4,4,163,8.632e-05,0.00019704,3723.6363636363635,0.0,5
MildLinear,0,53.0,54.0,failed,0.015,0.015,0.015,0.03,0.03,0.03,1,1,43,0.00018152,0.00018152,3723.6363636363635,0.0,4,4,167,8.632e-05,0.00019704,3723.6363636363635,0.0,5
MildLinear,0,54.0,55.0,failed,0.015,0.015,0.015,0.03,0.03,0.03,1,1,44,0.00018152,0.00018152,3723.6363636363635,0.0,4,4,171,8.632e-05,0.00019704,3723.6363636363635,0.0,5
MildLinear,0,55.0,56.0,failed,0.015,0.015,0.015,0.03,0.03,0.03,1,1,45,0.00018152,0.00018152,3723.6363636363635,0.0,4,4,175,8.632e-05,0.00019704,3723.6363636363635,0.0,5
MildLinear,0,56.0,57.0,failed,0.015,0.015,0.015,0.03,0.03,0.03,1,1,46,0.00018152,0.00018152,3723.6363636363635,0.0,4,4,179,8.632e-05,0.00019704,3723.6363636363635,0.0,5
MildLinear,0,57.0,58.0,failed,0.015,0.015,0.015,0.03,0.03,0.03,1,1,47,0.00018152,0.00018152,3723.6363636363635,0.0,4,4,183,8.632e-05,0.00019704,3723.6363636363635,0.0,5
MildLinear,0,58.0,59.0,failed,0.015,0.015,0.015,0.03,0.03,0.03,1,1,48,0.00018152,0.00018152,3723.6363636363635,0.0,4,4,187,8.632e-05,0.00019704,3723.6363636363635,0.0,5
MildLinear,0,59.0,60.0,failed,0.015,0.015,0.015,0.03,0.03,0.03,1,1,49,0.00018152,0.00018152,3723.6363636363635,0.0,4,4,191,8.632e-05,0.00019704,3723.6363636363635,0.0,5
StagedRealistic,0,0.0,1.0,normal,1e-07,1e-07,1e-07,0.0,0.0,0.0,0,0,,,,0.0,0.0,0,0,,,,0.0,0.0,0
StagedRealistic,0,1.0,2.0,normal,1e-07,1e-07,1e-07,0.0,0.0,0.0,0,0,,,,0.0,0.0,0,0,,,,0.0,0.0,0
StagedRealistic,0,2.0,3.0,normal,1e-07,1e-07,1e-07,0.0,0.0,0.0,0,0,,,,0.0,0.0,0,0,,,,0.0,0.0,0
StagedRealistic,0,3.0,4.0,normal,1e-07,1e-07,1e-07,0.0,0.0,0.0,0,0,,,,0.0,0.0,0,0,,,,0.0,0.0,0
StagedRealistic,0,4.0,5.0,normal,1e-07,1e-07,1e-07,0.0,0.0,0.0,0,0,,,,0.0,0.0,0,0,,,,0.0,0.0,0
StagedRealistic,0,5.0,6.0,normal,1e-07,1e-07,1e-07,0.0,0.0,0.0,0,0,,,,0.0,0.0,0,0,,,,0.0,0.0,0
StagedRealistic,0,6.0,7.0,normal,1e-07,1e-07,1e-07,0.0,0.0,0.0,0,0,,,,0.0,0.0,0,0,,,,0.0,0.0,0
StagedRealistic,0,7.0,8.0,normal,1e-07,1e-07,1e-07,0.0,0.0,0.0,0,0,,,,0.0,0.0,0,0,,,,0.0,0.0,0
StagedRealistic,0,8.0,9.0,normal,1e-07,1e-07,1e-07,0.0,0.0,0.0,0,0,,,,0.0,0.0,0,0,,,,0.0,0.0,0
StagedRealistic,0,9.0,10.0,normal,1e-07,1e-07,1e-07,0.0,0.0,0.0,0,0,,,,0.0,0.0,0,0,,,,0.0,0.0,0
StagedRealistic,0,10.0,11.0,normal,1e-07,1e-07,1e-07,0.0,0.0,0.0,1,1,0,0.00020496,0.00020496,3723.6363636363635,0.0,0,0,,,,0.0,0.0,1
StagedRealistic,0,11.0,12.0,normal,1e-07,1e-07,1e-07,0.0,0.0,0.0,1,1,1,0.00019324,0.00020496,3723.6363636363635,0.0,0,0,,,,0.0,0.0,1
StagedRealistic,0,12.0,13.0,normal,1e-07,1e-07,1e-07,0.0,0.0,0.0,1,1,2,0.00018928,0.00019704,3723.6363636363635,0.0,4,4,3,5.864e-05,5.864e-05,3723.6363636363635,0.0,5
StagedRealistic,0,13.0,14.0,normal,1e-07,1e-07,1e-07,0.0,0.0,0.0,1,1,3,0.00018928,0.00019704,3723.6363636363635,0.0,4,4,7,8.632e-05,0.00019704,3723.6363636363635,0.0,5
StagedRealistic,0,14.0,15.0,normal,1e-07,1e-07,1e-07,0.0,0.0,0.0,1,1,4,0.00018152,0.00018152,3723.6363636363635,0.0,4,4,11,8.632e-05,0.00019704,3723.6363636363635,0.0,5
StagedRealistic,0,15.0,16.0,normal,1e-07,1e-07,1e-07,0.0,0.0,0.0,1,1,5,0.00018152,0.00018152,3723.6363636363635,0.0,4,4,15,8.632e-05,0.00019704,3723.6363636363635,0.0,5
StagedRealistic,0,16.0,17.0,normal,1e-07,1e-07,1e-07,0.0,0.0,0.0,1,1,6,0.00018152,0.00018152,3723.6363636363635,0.0,4,4,19,8.632e-05,0.00019704,3723.6363636363635,0.0,5
StagedRealistic,0,17.0,18.0,normal,1e-07,1e-07,1e-07,0.0,0.0,0.0,1,1,7,0.00018152,0.00018152,3723.6363636363635,0.0,4,4,23,8.632e-05,0.00019704,3723.6363636363635,0.0,5
StagedRealistic,0,18.0,19.0,normal,1e-07,1e-07,1e-07,0.0,0.0,0.0,1,1,8,0.00018152,0.00018152,3723.6363636363635,0.0,4,4,27,8.632e-05,0.00019704,3723.6363636363635,0.0,5
StagedRealistic,0,19.0,20.0,normal,1e-07,1e-07,1e-07,0.0,0.0,0.0,1,1,9,0.00018152,0.00018152,3723.6363636363635,0.0,4,4,31,8.632e-05,0.00019704,3723.6363636363635,0.0,5
StagedRealistic,0,20.0,21.0,degraded,0.00025789917574999997,0.000718566148,0.000718566148,7.875e-05,0.00021,0.00021,1,1,10,0.00018152,0.00018152,3723.6363636363635,0.0,4,4,35,0.000211412222,0.000371370555,3723.6363636363635,0.0,5
StagedRealistic,0,21.0,22.0,degraded,0.00106416711075,0.001650701764,0.001650701764,0.00028875,0.00042,0.00042,1,1,11,0.0005407530740000001,0.000899986148,3723.6363636363635,0.0,4,4,39,0.0009037463234000001,0.001227374383,3723.6363636363635,0.0,5
StagedRealistic,0,22.0,23.0,degraded,0.00203601704175,0.002685146527,0.002685146527,0.0004987500000000001,0.00063,0.00063,1,1,12,0.001366053956,0.001832121764,3723.6363636363635,0.0,4,4,43,0.001843274827,0.002216058112,3723.6363636363635,0.0,5
StagedRealistic,0,23.0,24.0,degraded,0.0030983039082499997,0.003792187062,0.003792187062,0.00070875,0.00084,0.00084,1,1,13,0.0023493441455,0.002866566527,3723.6363636363635,0.0,4,4,47,0.00288407644,0.003289275517,3723.6363636363635,0.0,5
StagedRealistic,0,24.0,25.0,degraded,0.0042272012855,0.004956545273,0.004956545273,0.00091875,0.00105,0.00105,1,1,14,0.0034200867945,0.003973607062,3723.6363636363635,0.0,4,4,51,0.003996396226200001,0.004426425745,3723.6363636363635,0.0,5
StagedRealistic,0,25.0,26.0,degraded,0.0054097305497500005,0.006168717058,0.006168717058,0.00112875,0.00126,0.00126,1,1,15,0.0045557861675,0.005137965273,3723.6363636363635,0.0,4,4,55,0.0051652610962,0.005615654595,3723.6363636363635,0.0,5
StagedRealistic,0,26.0,27.0,degraded,0.006912754564,0.008522975002,0.008522975002,0.00147875,0.00203,0.00203,1,1,16,0.0057440511655,0.006350137058,3723.6363636363635,0.0,4,4,59,0.0063813733974,0.006849149138,3723.6363636363635,0.0,5
StagedRealistic,0,27.0,28.0,degraded,0.0094547475015,0.010622969002,0.010622969002,0.00273875,0.00392,0.00392,1,1,17,0.00752726603,0.008704395002,3723.6363636363635,0.0,4,4,63,0.0089135602284,0.010208611,3723.6363636363635,0.0,5
StagedRealistic,0,28.0,29.0,degraded,0.01055799378225,0.010622969002,0.010568590681,0.00462875,0.00581,0.00581,1,1,18,0.009754392002,0.010804389002,3723.6363636363635,0.0,4,4,67,0.0105324003784,0.010819909002,3723.6363636363635,0.0,5
StagedRealistic,0,29.0,30.0,degraded,0.0117386709515,0.01400006,0.01400006,0.00651875,0.0077,0.0077,1,1,19,0.0107771998415,0.010804389002,3723.6363636363635,0.0,4,4,71,0.0111241225388,0.011875982444,3723.6363636363635,0.0,5
StagedRealistic,0,30.0,31.0,degraded,0.01540358171875,0.017431529319,0.017431529319,0.00840875,0.00959,0.00959,1,1,20,0.0124657453405,0.01418148,3723.6363636363635,0.0,4,4,75,0.0145228035112,0.016241217556,3723.6363636363635,0.0,5
StagedRealistic,0,31.0,32.0,degraded,0.017455720798,0.017582673556,0.017377150998,0.010298749999999999,0.01148,0.01148,1,1,21,0.0158972146595,0.017612949319,3723.6363636363635,0.0,4,4,79,0.0173284366612,0.017641213556,3723.6363636363635,0.0,5
StagedRealistic,0,32.0,33.0,degraded,0.0180203739985,0.019477144998,0.019477144998,0.01218875,0.01337,0.01337,1,1,22,0.0175857601585,0.017612949319,3723.6363636363635,0.0,4,4,83,0.0176936347104,0.017908589,3723.6363636363635,0.0,5
StagedRealistic,0,33.0,34.0,degraded,0.02031504201325,0.021279375926,0.021279375926,0.01392518373911475,0.014887540187778,0.014887540187778,1,1,23,0.018608567998,0.019658564998,3723.6363636363635,0.0,3,4,87,0.019938189565,0.021085042131,2792.7272727272725,0.0,4
StagedRealistic,0,34.0,35.0,degraded,0.02165208377825,0.022326288206,0.022326288206,0.01620590979807875,0.018618277687705,0.018618277687705,1,1,24,0.020559680461999998,0.021460795926,3723.6363636363635,0.0,4,4,91,0.0214925888186,0.021781835055,3723.6363636363635,0.0,5
StagedRealistic,0,35.0,36.0,degraded,0.02291826299,0.023948727713,0.023948727713,0.0208511335700765,0.024762074928474,0.024762074928474,1,1,25,0.021984252066,0.022507708206,3723.6363636363635,0.0,4,4,95,0.0225900934274,0.023130287835,3723.6363636363635,0.0,5
StagedRealistic,0,36.0,37.0,degraded,0.0247284046035,0.026066952061,0.026066952061,0.0278197869881085,0.033091535883539,0.033091535883539,1,1,26,0.0233189279595,0.024130147713,3723.6363636363635,0.0,4,4,99,0.024259745023,0.025007750927,3723.6363636363635,0.0,5
StagedRealistic,0,37.0,38.0,degraded,0.02701638816525,0.028634766131,0.028634766131,0.03692075565014525,0.043468938948682,0.043468938948682,1,1,27,0.025189259887,0.026248372061,3723.6363636363635,0.0,4,4,103,0.026421595973,0.027355422408,3723.6363636363635,0.0,5
StagedRealistic,0,38.0,39.0,degraded,0.0297417275885,0.031620393402,0.031620393402,0.0480321763033275,0.05579670955445,0.05579670955445,1,1,28,0.027532279096,0.028816186131,3723.6363636363635,0.0,4,4,107,0.02903029681,0.03013552469,3723.6363636363635,0.0,5
StagedRealistic,0,39.0,40.0,degraded,0.03287575207875,0.035,0.035,0.061065344875292,0.07,0.07,1,1,29,0.0303089997665,0.031801813402,3723.6363636363635,0.0,4,4,111,0.0320546629032,0.033320761511,3723.6363636363635,0.0,5
StagedRealistic,0,40.0,41.0,pre_failure,0.035,0.035,0.035,0.07,0.07,0.07,1,1,30,0.033491616700999996,0.03518142,3723.6363636363635,0.0,4,4,115,0.034738664302200004,0.03519694,3723.6363636363635,0.0,5
StagedRealistic,0,41.0,42.0,pre_failure,0.035,0.035,0.035,0.07,0.07,0.07,1,1,31,0.03518142,0.03518142,3723.6363636363635,0.0,4,4,119,0.03508622,0.03519694,3723.6363636363635,0.0,5
StagedRealistic,0,42.0,43.0,pre_failure,0.035,0.035,0.035,0.07,0.07,0.07,1,1,32,0.03518142,0.03518142,3723.6363636363635,0.0,3,3,122,0.03509314,0.03519694,2792.7272727272725,0.0,4
StagedRealistic,0,43.0,44.0,pre_failure,0.035,0.035,0.035,0.07,0.07,0.07,1,1,33,0.03518142,0.03518142,3723.6363636363635,0.0,4,5,127,0.03508622,0.03519694,3723.6363636363635,0.0,5
StagedRealistic,0,44.0,45.0,pre_failure,0.035,0.035,0.035,0.07,0.07,0.07,1,1,34,0.03518142,0.03518142,3723.6363636363635,0.0,3,4,131,0.03505854,0.03505854,2792.7272727272725,0.0,4
StagedRealistic,0,45.0,46.0,failed,0.035,0.035,0.035,0.07,0.07,0.07,1,1,35,0.017681469999999998,0.03518142,3723.6363636363635,0.0,4,4,135,0.007086299999999999,0.03505854,3723.6363636363635,0.0,5
StagedRealistic,0,46.0,47.0,failed,0.035,0.035,0.035,0.07,0.07,0.07,1,1,36,0.00018152,0.00018152,3723.6363636363635,0.0,4,4,139,8.632e-05,0.00019704,3723.6363636363635,0.0,5
StagedRealistic,0,47.0,48.0,failed,0.035,0.035,0.035,0.07,0.07,0.07,1,1,37,0.00018152,0.00018152,3723.6363636363635,0.0,4,4,143,8.632e-05,0.00019704,3723.6363636363635,0.0,5
StagedRealistic,0,48.0,49.0,failed,0.035,0.035,0.035,0.07,0.07,0.07,1,1,38,0.00018152,0.00018152,3723.6363636363635,0.0,4,4,147,8.632e-05,0.00019704,3723.6363636363635,0.0,5
StagedRealistic,0,49.0,50.0,failed,0.035,0.035,0.035,0.07,0.07,0.07,1,1,39,0.00018152,0.00018152,3723.6363636363635,0.0,4,4,151,8.632e-05,0.00019704,3723.6363636363635,0.0,5
StagedRealistic,0,50.0,51.0,failed,0.035,0.035,0.035,0.07,0.07,0.07,1,1,40,0.00018152,0.00018152,3723.6363636363635,0.0,4,4,155,8.632e-05,0.00019704,3723.6363636363635,0.0,5
StagedRealistic,0,51.0,52.0,failed,0.035,0.035,0.035,0.07,0.07,0.07,1,1,41,0.00018152,0.00018152,3723.6363636363635,0.0,4,4,159,8.632e-05,0.00019704,3723.6363636363635,0.0,5
StagedRealistic,0,52.0,53.0,failed,0.035,0.035,0.035,0.07,0.07,0.07,1,1,42,0.00018152,0.00018152,3723.6363636363635,0.0,4,4,163,8.632e-05,0.00019704,3723.6363636363635,0.0,5
StagedRealistic,0,53.0,54.0,failed,0.035,0.035,0.035,0.07,0.07,0.07,1,1,43,0.00018152,0.00018152,3723.6363636363635,0.0,4,4,167,8.632e-05,0.00019704,3723.6363636363635,0.0,5
StagedRealistic,0,54.0,55.0,failed,0.035,0.035,0.035,0.07,0.07,0.07,1,1,44,0.00018152,0.00018152,3723.6363636363635,0.0,4,4,171,8.632e-05,0.00019704,3723.6363636363635,0.0,5
StagedRealistic,0,55.0,56.0,failed,0.035,0.035,0.035,0.07,0.07,0.07,1,1,45,0.00018152,0.00018152,3723.6363636363635,0.0,4,4,175,8.632e-05,0.00019704,3723.6363636363635,0.0,5
StagedRealistic,0,56.0,57.0,failed,0.035,0.035,0.035,0.07,0.07,0.07,1,1,46,0.00018152,0.00018152,3723.6363636363635,0.0,4,4,179,8.632e-05,0.00019704,3723.6363636363635,0.0,5
StagedRealistic,0,57.0,58.0,failed,0.035,0.035,0.035,0.07,0.07,0.07,1,1,47,0.00018152,0.00018152,3723.6363636363635,0.0,4,4,183,8.632e-05,0.00019704,3723.6363636363635,0.0,5
StagedRealistic,0,58.0,59.0,failed,0.035,0.035,0.035,0.07,0.07,0.07,1,1,48,0.00018152,0.00018152,3723.6363636363635,0.0,4,4,187,8.632e-05,0.00019704,3723.6363636363635,0.0,5
StagedRealistic,0,59.0,60.0,failed,0.035,0.035,0.035,0.07,0.07,0.07,1,1,49,0.00018152,0.00018152,3723.6363636363635,0.0,4,4,191,8.632e-05,0.00019704,3723.6363636363635,0.0,5
StrongLinear,0,0.0,1.0,normal,1e-07,1e-07,1e-07,0.0,0.0,0.0,0,0,,,,0.0,0.0,0,0,,,,0.0,0.0,0
StrongLinear,0,1.0,2.0,normal,1e-07,1e-07,1e-07,0.0,0.0,0.0,0,0,,,,0.0,0.0,0,0,,,,0.0,0.0,0
StrongLinear,0,2.0,3.0,normal,1e-07,1e-07,1e-07,0.0,0.0,0.0,0,0,,,,0.0,0.0,0,0,,,,0.0,0.0,0
StrongLinear,0,3.0,4.0,normal,1e-07,1e-07,1e-07,0.0,0.0,0.0,0,0,,,,0.0,0.0,0,0,,,,0.0,0.0,0
StrongLinear,0,4.0,5.0,normal,1e-07,1e-07,1e-07,0.0,0.0,0.0,0,0,,,,0.0,0.0,0,0,,,,0.0,0.0,0
StrongLinear,0,5.0,6.0,normal,1e-07,1e-07,1e-07,0.0,0.0,0.0,0,0,,,,0.0,0.0,0,0,,,,0.0,0.0,0
StrongLinear,0,6.0,7.0,normal,1e-07,1e-07,1e-07,0.0,0.0,0.0,0,0,,,,0.0,0.0,0,0,,,,0.0,0.0,0
StrongLinear,0,7.0,8.0,normal,1e-07,1e-07,1e-07,0.0,0.0,0.0,0,0,,,,0.0,0.0,0,0,,,,0.0,0.0,0
StrongLinear,0,8.0,9.0,normal,1e-07,1e-07,1e-07,0.0,0.0,0.0,0,0,,,,0.0,0.0,0,0,,,,0.0,0.0,0
StrongLinear,0,9.0,10.0,normal,1e-07,1e-07,1e-07,0.0,0.0,0.0,0,0,,,,0.0,0.0,0,0,,,,0.0,0.0,0
StrongLinear,0,10.0,11.0,normal,1e-07,1e-07,1e-07,0.0,0.0,0.0,1,1,0,0.00020496,0.00020496,3723.6363636363635,0.0,0,0,,,,0.0,0.0,1
StrongLinear,0,11.0,12.0,normal,1e-07,1e-07,1e-07,0.0,0.0,0.0,1,1,1,0.00019324,0.00020496,3723.6363636363635,0.0,0,0,,,,0.0,0.0,1
StrongLinear,0,12.0,13.0,normal,1e-07,1e-07,1e-07,0.0,0.0,0.0,1,1,2,0.00018928,0.00019704,3723.6363636363635,0.0,4,4,3,5.864e-05,5.864e-05,3723.6363636363635,0.0,5
StrongLinear,0,13.0,14.0,normal,1e-07,1e-07,1e-07,0.0,0.0,0.0,1,1,3,0.00018928,0.00019704,3723.6363636363635,0.0,4,4,7,8.632e-05,0.00019704,3723.6363636363635,0.0,5
StrongLinear,0,14.0,15.0,normal,1e-07,1e-07,1e-07,0.0,0.0,0.0,1,1,4,0.00018152,0.00018152,3723.6363636363635,0.0,4,4,11,8.632e-05,0.00019704,3723.6363636363635,0.0,5
StrongLinear,0,15.0,16.0,normal,1e-07,1e-07,1e-07,0.0,0.0,0.0,1,1,5,0.00018152,0.00018152,3723.6363636363635,0.0,4,4,15,8.632e-05,0.00019704,3723.6363636363635,0.0,5
StrongLinear,0,16.0,17.0,normal,1e-07,1e-07,1e-07,0.0,0.0,0.0,1,1,6,0.00018152,0.00018152,3723.6363636363635,0.0,4,4,19,8.632e-05,0.00019704,3723.6363636363635,0.0,5
StrongLinear,0,17.0,18.0,normal,1e-07,1e-07,1e-07,0.0,0.0,0.0,1,1,7,0.00018152,0.00018152,3723.6363636363635,0.0,4,4,23,8.632e-05,0.00019704,3723.6363636363635,0.0,5
StrongLinear,0,18.0,19.0,normal,1e-07,1e-07,1e-07,0.0,0.0,0.0,1,1,8,0.00018152,0.00018152,3723.6363636363635,0.0,4,4,27,8.632e-05,0.00019704,3723.6363636363635,0.0,5
StrongLinear,0,19.0,20.0,normal,1e-07,1e-07,1e-07,0.0,0.0,0.0,1,1,9,0.00018152,0.00018152,3723.6363636363635,0.0,4,4,31,8.632e-05,0.00019704,3723.6363636363635,0.0,5
StrongLinear,0,20.0,21.0,degraded,0.000750098125,0.002000095,0.002000095,0.0015,0.004,0.004,1,1,10,0.00018152,0.00018152,3723.6363636363635,0.0,4,4,35,0.000486319,0.0010586375,3723.6363636363635,0.0,5
StrongLinear,0,21.0,22.0,degraded,0.0027500931250000003,0.00400009,0.00400009,0.0055,0.008,0.008,1,1,11,0.0011815175000000002,0.002181515,3723.6363636363635,0.0,4,4,39,0.0022863145,0.0030586325,3723.6363636363635,0.0,5
StrongLinear,0,22.0,23.0,degraded,0.004750088125,0.006000085,0.006000085,0.0095,0.012,0.012,1,1,12,0.0031815125000000002,0.00418151,3723.6363636363635,0.0,4,4,43,0.0042863095,0.0050586275,3723.6363636363635,0.0,5
StrongLinear,0,23.0,24.0,degraded,0.0067500831249999995,0.00800008,0.00800008,0.0135,0.016,0.016,1,1,13,0.0051815075,0.006181505,3723.6363636363635,0.0,4,4,47,0.006286304500000001,0.0070586225,3723.6363636363635,0.0,5
StrongLinear,0,24.0,25.0,degraded,0.008750078125,0.010000075,0.010000075,0.0175,0.02,0.02,1,1,14,0.0071815025,0.0081815,3723.6363636363635,0.0,4,4,51,0.0082862995,0.0090586175,3723.6363636363635,0.0,5
StrongLinear,0,25.0,26.0,degraded,0.010750073125,0.01200007,0.01200007,0.0215,0.024,0.024,1,1,15,0.0091814975,0.010181495,3723.6363636363635,0.0,4,4,55,0.0102862945,0.0110586125,3723.6363636363635,0.0,5
StrongLinear,0,26.0,27.0,degraded,0.012750068125,0.014000065,0.014000065,0.025500000000000002,0.028,0.028,1,1,16,0.011181492500000001,0.01218149,3723.6363636363635,0.0,4,4,59,0.0122862895,0.0130586075,3723.6363636363635,0.0,5
StrongLinear,0,27.0,28.0,degraded,0.014750063125,0.01600006,0.01600006,0.0295,0.032,0.032,1,1,17,0.0131814875,0.014181485,3723.6363636363635,0.0,3,4,63,0.014308604375,0.0150586025,2792.7272727272725,0.0,4
StrongLinear,0,28.0,29.0,degraded,0.016750058125,0.018000055,0.018000055,0.0335,0.036,0.036,1,1,18,0.015181482500000001,0.01618148,3723.6363636363635,0.0,3,3,66,0.016093200000000002,0.0170585975,2792.7272727272725,0.0,4
StrongLinear,0,29.0,30.0,degraded,0.018750053125,0.02000005,0.02000005,0.0375,0.04,0.04,1,1,19,0.0171814775,0.018181475,3723.6363636363635,0.0,4,5,71,0.018286274499999998,0.0190585925,3723.6363636363635,0.0,5
StrongLinear,0,30.0,31.0,degraded,0.020750048125,0.022000045,0.022000045,0.0415,0.044,0.044,1,1,20,0.019181472499999998,0.02018147,3723.6363636363635,0.0,4,4,75,0.020286269500000002,0.0210585875,3723.6363636363635,0.0,5
StrongLinear,0,31.0,32.0,degraded,0.022750043125,0.02400004,0.02400004,0.0455,0.048,0.048,1,1,21,0.021181467500000002,0.022181465,3723.6363636363635,0.0,4,4,79,0.0222862645,0.0230585825,3723.6363636363635,0.0,5
StrongLinear,0,32.0,33.0,degraded,0.024750038125,0.026000035,0.026000035,0.0495,0.052,0.052,1,1,22,0.0231814625,0.02418146,3723.6363636363635,0.0,4,4,83,0.024286259499999997,0.0250585775,3723.6363636363635,0.0,5
StrongLinear,0,33.0,34.0,degraded,0.026750033125,0.02800003,0.02800003,0.0535,0.056,0.056,1,1,23,0.025181457499999997,0.026181455,3723.6363636363635,0.0,3,4,87,0.026343174375,0.0270585725,2792.7272727272725,0.0,4
StrongLinear,0,34.0,35.0,degraded,0.028750028125,0.030000025,0.030000025,0.0575,0.06,0.06,1,1,24,0.0271814525,0.02818145,3723.6363636363635,0.0,4,4,91,0.0282862495,0.0290585675,3723.6363636363635,0.0,5
StrongLinear,0,35.0,36.0,degraded,0.030750023124999998,0.03200002,0.03200002,0.0615,0.064,0.064,1,1,25,0.0291814475,0.030181445,3723.6363636363635,0.0,4,4,95,0.030286244499999997,0.0310585625,3723.6363636363635,0.0,5
StrongLinear,0,36.0,37.0,degraded,0.032750018125,0.034000015,0.034000015,0.0655,0.068,0.068,1,1,26,0.0311814425,0.03218144,3723.6363636363635,0.0,4,4,99,0.0322862395,0.0330585575,3723.6363636363635,0.0,5
StrongLinear,0,37.0,38.0,degraded,0.034750013125,0.03600001,0.03600001,0.0695,0.072,0.072,1,1,27,0.0331814375,0.034181435,3723.6363636363635,0.0,4,4,103,0.0342862345,0.0350585525,3723.6363636363635,0.0,5
StrongLinear,0,38.0,39.0,degraded,0.036750008125,0.038000005,0.038000005,0.0735,0.076,0.076,1,1,28,0.0351814325,0.03618143,3723.6363636363635,0.0,4,4,107,0.0362862295,0.0370585475,3723.6363636363635,0.0,5
StrongLinear,0,39.0,40.0,degraded,0.038750003125,0.04,0.04,0.0775,0.08,0.08,1,1,29,0.0371814275,0.038181425,3723.6363636363635,0.0,4,4,111,0.0382862245,0.0390585425,3723.6363636363635,0.0,5
StrongLinear,0,40.0,41.0,pre_failure,0.04,0.04,0.04,0.08,0.08,0.08,1,1,30,0.0391814225,0.04018142,3723.6363636363635,0.0,4,4,115,0.0398862205,0.04019694,3723.6363636363635,0.0,5
StrongLinear,0,41.0,42.0,pre_failure,0.04,0.04,0.04,0.08,0.08,0.08,1,1,31,0.04018142,0.04018142,3723.6363636363635,0.0,4,4,119,0.04008621999999999,0.04019694,3723.6363636363635,0.0,5
StrongLinear,0,42.0,43.0,pre_failure,0.04,0.04,0.04,0.08,0.08,0.08,1,1,32,0.04018142,0.04018142,3723.6363636363635,0.0,3,3,122,0.04009314,0.04019694,2792.7272727272725,0.0,4
StrongLinear,0,43.0,44.0,pre_failure,0.04,0.04,0.04,0.08,0.08,0.08,1,1,33,0.04018142,0.04018142,3723.6363636363635,0.0,4,5,127,0.04008621999999999,0.04019694,3723.6363636363635,0.0,5
StrongLinear,0,44.0,45.0,pre_failure,0.04,0.04,0.04,0.08,0.08,0.08,1,1,34,0.04018142,0.04018142,3723.6363636363635,0.0,3,4,131,0.04005854,0.04005854,2792.7272727272725,0.0,4
StrongLinear,0,45.0,46.0,failed,0.04,0.04,0.04,0.08,0.08,0.08,1,1,35,0.02018147,0.04018142,3723.6363636363635,0.0,4,4,135,0.0080863,0.04005854,3723.6363636363635,0.0,5
StrongLinear,0,46.0,47.0,failed,0.04,0.04,0.04,0.08,0.08,0.08,1,1,36,0.00018152,0.00018152,3723.6363636363635,0.0,4,4,139,8.632e-05,0.00019704,3723.6363636363635,0.0,5
StrongLinear,0,47.0,48.0,failed,0.04,0.04,0.04,0.08,0.08,0.08,1,1,37,0.00018152,0.00018152,3723.6363636363635,0.0,4,4,143,8.632e-05,0.00019704,3723.6363636363635,0.0,5
StrongLinear,0,48.0,49.0,failed,0.04,0.04,0.04,0.08,0.08,0.08,1,1,38,0.00018152,0.00018152,3723.6363636363635,0.0,4,4,147,8.632e-05,0.00019704,3723.6363636363635,0.0,5
StrongLinear,0,49.0,50.0,failed,0.04,0.04,0.04,0.08,0.08,0.08,1,1,39,0.00018152,0.00018152,3723.6363636363635,0.0,4,4,151,8.632e-05,0.00019704,3723.6363636363635,0.0,5
StrongLinear,0,50.0,51.0,failed,0.04,0.04,0.04,0.08,0.08,0.08,1,1,40,0.00018152,0.00018152,3723.6363636363635,0.0,4,4,155,8.632e-05,0.00019704,3723.6363636363635,0.0,5
StrongLinear,0,51.0,52.0,failed,0.04,0.04,0.04,0.08,0.08,0.08,1,1,41,0.00018152,0.00018152,3723.6363636363635,0.0,4,4,159,8.632e-05,0.00019704,3723.6363636363635,0.0,5
StrongLinear,0,52.0,53.0,failed,0.04,0.04,0.04,0.08,0.08,0.08,1,1,42,0.00018152,0.00018152,3723.6363636363635,0.0,4,4,163,8.632e-05,0.00019704,3723.6363636363635,0.0,5
StrongLinear,0,53.0,54.0,failed,0.04,0.04,0.04,0.08,0.08,0.08,1,1,43,0.00018152,0.00018152,3723.6363636363635,0.0,4,4,167,8.632e-05,0.00019704,3723.6363636363635,0.0,5
StrongLinear,0,54.0,55.0,failed,0.04,0.04,0.04,0.08,0.08,0.08,1,1,44,0.00018152,0.00018152,3723.6363636363635,0.0,4,4,171,8.632e-05,0.00019704,3723.6363636363635,0.0,5
StrongLinear,0,55.0,56.0,failed,0.04,0.04,0.04,0.08,0.08,0.08,1,1,45,0.00018152,0.00018152,3723.6363636363635,0.0,4,4,175,8.632e-05,0.00019704,3723.6363636363635,0.0,5
StrongLinear,0,56.0,57.0,failed,0.04,0.04,0.04,0.08,0.08,0.08,1,1,46,0.00018152,0.00018152,3723.6363636363635,0.0,4,4,179,8.632e-05,0.00019704,3723.6363636363635,0.0,5
StrongLinear,0,57.0,58.0,failed,0.04,0.04,0.04,0.08,0.08,0.08,1,1,47,0.00018152,0.00018152,3723.6363636363635,0.0,4,4,183,8.632e-05,0.00019704,3723.6363636363635,0.0,5
StrongLinear,0,58.0,59.0,failed,0.04,0.04,0.04,0.08,0.08,0.08,1,1,48,0.00018152,0.00018152,3723.6363636363635,0.0,4,4,187,8.632e-05,0.00019704,3723.6363636363635,0.0,5
StrongLinear,0,59.0,60.0,failed,0.04,0.04,0.04,0.08,0.08,0.08,1,1,49,0.00018152,0.00018152,3723.6363636363635,0.0,4,4,191,8.632e-05,0.00019704,3723.6363636363635,0.0,5
UnstableLinear,0,0.0,1.0,normal,1e-07,1e-07,1e-07,0.0,0.0,0.0,0,0,,,,0.0,0.0,0,0,,,,0.0,0.0,0
UnstableLinear,0,1.0,2.0,normal,1e-07,1e-07,1e-07,0.0,0.0,0.0,0,0,,,,0.0,0.0,0,0,,,,0.0,0.0,0
UnstableLinear,0,2.0,3.0,normal,1e-07,1e-07,1e-07,0.0,0.0,0.0,0,0,,,,0.0,0.0,0,0,,,,0.0,0.0,0
UnstableLinear,0,3.0,4.0,normal,1e-07,1e-07,1e-07,0.0,0.0,0.0,0,0,,,,0.0,0.0,0,0,,,,0.0,0.0,0
UnstableLinear,0,4.0,5.0,normal,1e-07,1e-07,1e-07,0.0,0.0,0.0,0,0,,,,0.0,0.0,0,0,,,,0.0,0.0,0
UnstableLinear,0,5.0,6.0,normal,1e-07,1e-07,1e-07,0.0,0.0,0.0,0,0,,,,0.0,0.0,0,0,,,,0.0,0.0,0
UnstableLinear,0,6.0,7.0,normal,1e-07,1e-07,1e-07,0.0,0.0,0.0,0,0,,,,0.0,0.0,0,0,,,,0.0,0.0,0
UnstableLinear,0,7.0,8.0,normal,1e-07,1e-07,1e-07,0.0,0.0,0.0,0,0,,,,0.0,0.0,0,0,,,,0.0,0.0,0
UnstableLinear,0,8.0,9.0,normal,1e-07,1e-07,1e-07,0.0,0.0,0.0,0,0,,,,0.0,0.0,0,0,,,,0.0,0.0,0
UnstableLinear,0,9.0,10.0,normal,1e-07,1e-07,1e-07,0.0,0.0,0.0,0,0,,,,0.0,0.0,0,0,,,,0.0,0.0,0
UnstableLinear,0,10.0,11.0,normal,1e-07,1e-07,1e-07,0.0,0.0,0.0,1,1,0,0.00020496,0.00020496,3723.6363636363635,0.0,0,0,,,,0.0,0.0,1
UnstableLinear,0,11.0,12.0,normal,1e-07,1e-07,1e-07,0.0,0.0,0.0,1,1,1,0.00019324,0.00020496,3723.6363636363635,0.0,0,0,,,,0.0,0.0,1
UnstableLinear,0,12.0,13.0,normal,1e-07,1e-07,1e-07,0.0,0.0,0.0,1,1,2,0.00018928,0.00019704,3723.6363636363635,0.0,4,4,3,5.864e-05,5.864e-05,3723.6363636363635,0.0,5
UnstableLinear,0,13.0,14.0,normal,1e-07,1e-07,1e-07,0.0,0.0,0.0,1,1,3,0.00018928,0.00019704,3723.6363636363635,0.0,4,4,7,8.632e-05,0.00019704,3723.6363636363635,0.0,5
UnstableLinear,0,14.0,15.0,normal,1e-07,1e-07,1e-07,0.0,0.0,0.0,1,1,4,0.00018152,0.00018152,3723.6363636363635,0.0,4,4,11,8.632e-05,0.00019704,3723.6363636363635,0.0,5
UnstableLinear,0,15.0,16.0,normal,1e-07,1e-07,1e-07,0.0,0.0,0.0,1,1,5,0.00018152,0.00018152,3723.6363636363635,0.0,4,4,15,8.632e-05,0.00019704,3723.6363636363635,0.0,5
UnstableLinear,0,16.0,17.0,normal,1e-07,1e-07,1e-07,0.0,0.0,0.0,1,1,6,0.00018152,0.00018152,3723.6363636363635,0.0,4,4,19,8.632e-05,0.00019704,3723.6363636363635,0.0,5
UnstableLinear,0,17.0,18.0,normal,1e-07,1e-07,1e-07,0.0,0.0,0.0,1,1,7,0.00018152,0.00018152,3723.6363636363635,0.0,4,4,23,8.632e-05,0.00019704,3723.6363636363635,0.0,5
UnstableLinear,0,18.0,19.0,normal,1e-07,1e-07,1e-07,0.0,0.0,0.0,1,1,8,0.00018152,0.00018152,3723.6363636363635,0.0,4,4,27,8.632e-05,0.00019704,3723.6363636363635,0.0,5
UnstableLinear,0,19.0,20.0,normal,1e-07,1e-07,1e-07,0.0,0.0,0.0,1,1,9,0.00018152,0.00018152,3723.6363636363635,0.0,4,4,31,8.632e-05,0.00019704,3723.6363636363635,0.0,5
UnstableLinear,0,20.0,21.0,degraded,0.0004947483275,0.001330996376,0.001330996376,0.0009893006122122501,0.002661803398875,0.002661803398875,1,1,10,0.00018152,0.00018152,3723.6363636363635,0.0,4,4,35,0.0003453987736,0.000706336934,3723.6363636363635,0.0,5
UnstableLinear,0,21.0,22.0,degraded,0.0018438846130000002,0.002690300542,0.002690300542,0.00368758397661165,0.0053804226065181,0.0053804226065181,1,1,11,0.0008469681879999999,0.001512416376,3723.6363636363635,0.0,4,4,39,0.0015574760004,0.002081785158,3723.6363636363635,0.0,5
UnstableLinear,0,22.0,23.0,degraded,0.00313131357475,0.003842789727,0.003842789727,0.006262452200063625,0.007685410196625,0.007685410196625,1,1,12,0.002192068459,0.002871720542,3723.6363636363635,0.0,4,4,43,0.0028877346436,0.003360403488,3723.6363636363635,0.0,5
UnstableLinear,0,23.0,24.0,degraded,0.0041927192375,0.00476496684,0.00476496684,0.00838527201647195,0.009529771798166,0.009529771798166,1,1,13,0.0034479651345,0.004024209727,3723.6363636363635,0.0,4,4,47,0.0040118408508,0.004378870656,3723.6363636363635,0.0,5
UnstableLinear,0,24.0,25.0,degraded,0.005126034212,0.005750077,0.005750077,0.0102519094311405,0.0115,0.0115,1,1,14,0.0044852982835,0.00494638684,3723.6363636363635,0.0,4,4,51,0.0049459233344,0.005282666168,3723.6363636363635,0.0,5
UnstableLinear,0,25.0,26.0,degraded,0.00625814378275,0.007147400259,0.007147400259,0.0125161376301605,0.014294657697249,0.014294657697249,1,1,15,0.00543894192,0.005931497,3723.6363636363635,0.0,4,4,55,0.0059850843824000004,0.006443560872,3723.6363636363635,0.0,5
UnstableLinear,0,26.0,27.0,degraded,0.00782114051325,0.008966376031,0.008966376031,0.01564214359551775,0.017932623792125,0.017932623792125,1,1,16,0.0066301586295,0.007328820259,3723.6363636363635,0.0,4,4,59,0.0074315384796,0.008081925504,3723.6363636363635,0.0,5
UnstableLinear,0,27.0,28.0,degraded,0.00964976117425,0.01076090217,0.01076090217,0.0192993995455255,0.021521690426072,0.021521690426072,1,1,17,0.008238308145,0.009147796031,3723.6363636363635,0.0,3,4,63,0.00925867561625,0.009963930465,2792.7272727272725,0.0,4
UnstableLinear,0,28.0,29.0,degraded,0.01124114023825,0.011978167382,0.011978167382,0.02248217040525775,0.023956230589875,0.023956230589875,1,1,18,0.0100450591005,0.01094232217,3723.6363636363635,0.0,3,3,66,0.010816086009000001,0.011523129231,2792.7272727272725,0.0,4
UnstableLinear,0,29.0,30.0,degraded,0.0121906816285,0.01250005,0.01250005,0.02438126078231375,0.025,0.025,1,1,19,0.011550954775999999,0.012159587382,3723.6363636363635,0.0,4,5,71,0.012092941499,0.01236488175,3723.6363636363635,0.0,5
UnstableLinear,0,30.0,31.0,degraded,0.012627147312,0.012860129866,0.012860129866,0.0252541956407305,0.025720162612375,0.025720162612375,1,1,20,0.012420528691,0.01268147,3723.6363636363635,0.0,4,4,75,0.012606852102800001,0.012706899382,3723.6363636363635,0.0,5
UnstableLinear,0,31.0,32.0,degraded,0.0132045604825,0.013858776746,0.013858776746,0.02640902660056825,0.027717464360892,0.027717464360892,1,1,21,0.012861509933,0.013041549866,3723.6363636363635,0.0,4,4,79,0.0130556260036,0.013297745452,3723.6363636363635,0.0,5
UnstableLinear,0,32.0,33.0,degraded,0.014576756391250001,0.015848314514,0.015848314514,0.02915342939586075,0.031696555814625,0.031696555814625,1,1,22,0.013540873306,0.014040196746,3723.6363636363635,0.0,4,4,83,0.0141740348124,0.014799697559,3723.6363636363635,0.0,5
UnstableLinear,0,33.0,34.0,degraded,0.01677644331825,0.018322926062,0.018322926062,0.0335528208478195,0.036645798706419,0.036645798706419,1,1,23,0.01503496563,0.016029734514,3723.6363636363635,0.0,3,4,87,0.01628361710975,0.017144758183,2792.7272727272725,0.0,4
UnstableLinear,0,34.0,35.0,degraded,0.019078213229,0.020250019,0.020250019,0.038156379083246,0.0405,0.0405,1,1,24,0.017267040288,0.018504346062,3723.6363636363635,0.0,4,4,91,0.0185994267782,0.019475521792,3723.6363636363635,0.0,5
UnstableLinear,0,35.0,36.0,degraded,0.0205491469325,0.020940472642,0.020940472642,0.04109825825808,0.041880912807336,0.041880912807336,1,1,25,0.019467892531,0.020431439,3723.6363636363635,0.0,4,4,95,0.0203720547936,0.020814617088,3723.6363636363635,0.0,5
UnstableLinear,0,36.0,37.0,degraded,0.0208721917075,0.020940472642,0.020724688211,0.0417443503921075,0.041880912807336,0.041449342219125,1,1,26,0.020776665821,0.021121892642,3723.6363636363635,0.0,4,4,99,0.0209668778084,0.021137412642,3723.6363636363635,0.0,5
UnstableLinear,0,37.0,38.0,degraded,0.020718768030750002,0.020788115118,0.020788115118,0.0414375018113585,0.041576196541337,0.041576196541337,1,1,27,0.0210140004265,0.021121892642,3723.6363636363635,0.0,4,4,103,0.0208077541846,0.020941673335,3723.6363636363635,0.0,5
UnstableLinear,0,38.0,39.0,degraded,0.0212717251185,0.022212878859,0.022212878859,0.04254342041096175,0.044425735421375,0.044425735421375,1,1,28,0.0209378216645,0.020969535118,3723.6363636363635,0.0,4,4,107,0.0210480987154,0.021356331379,3723.6363636363635,0.0,5
UnstableLinear,0,39.0,40.0,degraded,0.02322887057125,0.025,0.025,0.0464577269734415,0.05,0.05,1,1,29,0.0216819169885,0.022394298859,3723.6363636363635,0.0,4,4,111,0.0226268196462,0.023548264567,3723.6363636363635,0.0,5
UnstableLinear,0,40.0,41.0,pre_failure,0.025,0.025,0.025,0.05,0.05,0.05,1,1,30,0.0237878594295,0.02518142,3723.6363636363635,0.0,4,4,115,0.0247841649134,0.02519694,3723.6363636363635,0.0,5
UnstableLinear,0,41.0,42.0,pre_failure,0.025,0.025,0.025,0.05,0.05,0.05,1,1,31,0.02518142,0.02518142,3723.6363636363635,0.0,4,4,119,0.025086220000000003,0.02519694,3723.6363636363635,0.0,5
UnstableLinear,0,42.0,43.0,pre_failure,0.025,0.025,0.025,0.05,0.05,0.05,1,1,32,0.02518142,0.02518142,3723.6363636363635,0.0,3,3,122,0.02509314,0.02519694,2792.7272727272725,0.0,4
UnstableLinear,0,43.0,44.0,pre_failure,0.025,0.025,0.025,0.05,0.05,0.05,1,1,33,0.02518142,0.02518142,3723.6363636363635,0.0,4,5,127,0.025086220000000003,0.02519694,3723.6363636363635,0.0,5
UnstableLinear,0,44.0,45.0,pre_failure,0.025,0.025,0.025,0.05,0.05,0.05,1,1,34,0.02518142,0.02518142,3723.6363636363635,0.0,3,4,131,0.02505854,0.02505854,2792.7272727272725,0.0,4
UnstableLinear,0,45.0,46.0,failed,0.025,0.025,0.025,0.05,0.05,0.05,1,1,35,0.01268147,0.02518142,3723.6363636363635,0.0,4,4,135,0.0050863,0.02505854,3723.6363636363635,0.0,5
UnstableLinear,0,46.0,47.0,failed,0.025,0.025,0.025,0.05,0.05,0.05,1,1,36,0.00018152,0.00018152,3723.6363636363635,0.0,4,4,139,8.632e-05,0.00019704,3723.6363636363635,0.0,5
UnstableLinear,0,47.0,48.0,failed,0.025,0.025,0.025,0.05,0.05,0.05,1,1,37,0.00018152,0.00018152,3723.6363636363635,0.0,4,4,143,8.632e-05,0.00019704,3723.6363636363635,0.0,5
UnstableLinear,0,48.0,49.0,failed,0.025,0.025,0.025,0.05,0.05,0.05,1,1,38,0.00018152,0.00018152,3723.6363636363635,0.0,4,4,147,8.632e-05,0.00019704,3723.6363636363635,0.0,5
UnstableLinear,0,49.0,50.0,failed,0.025,0.025,0.025,0.05,0.05,0.05,1,1,39,0.00018152,0.00018152,3723.6363636363635,0.0,4,4,151,8.632e-05,0.00019704,3723.6363636363635,0.0,5
UnstableLinear,0,50.0,51.0,failed,0.025,0.025,0.025,0.05,0.05,0.05,1,1,40,0.00018152,0.00018152,3723.6363636363635,0.0,4,4,155,8.632e-05,0.00019704,3723.6363636363635,0.0,5
UnstableLinear,0,51.0,52.0,failed,0.025,0.025,0.025,0.05,0.05,0.05,1,1,41,0.00018152,0.00018152,3723.6363636363635,0.0,4,4,159,8.632e-05,0.00019704,3723.6363636363635,0.0,5
UnstableLinear,0,52.0,53.0,failed,0.025,0.025,0.025,0.05,0.05,0.05,1,1,42,0.00018152,0.00018152,3723.6363636363635,0.0,4,4,163,8.632e-05,0.00019704,3723.6363636363635,0.0,5
UnstableLinear,0,53.0,54.0,failed,0.025,0.025,0.025,0.05,0.05,0.05,1,1,43,0.00018152,0.00018152,3723.6363636363635,0.0,4,4,167,8.632e-05,0.00019704,3723.6363636363635,0.0,5
UnstableLinear,0,54.0,55.0,failed,0.025,0.025,0.025,0.05,0.05,0.05,1,1,44,0.00018152,0.00018152,3723.6363636363635,0.0,4,4,171,8.632e-05,0.00019704,3723.6363636363635,0.0,5
UnstableLinear,0,55.0,56.0,failed,0.025,0.025,0.025,0.05,0.05,0.05,1,1,45,0.00018152,0.00018152,3723.6363636363635,0.0,4,4,175,8.632e-05,0.00019704,3723.6363636363635,0.0,5
UnstableLinear,0,56.0,57.0,failed,0.025,0.025,0.025,0.05,0.05,0.05,1,1,46,0.00018152,0.00018152,3723.6363636363635,0.0,4,4,179,8.632e-05,0.00019704,3723.6363636363635,0.0,5
UnstableLinear,0,57.0,58.0,failed,0.025,0.025,0.025,0.05,0.05,0.05,1,1,47,0.00018152,0.00018152,3723.6363636363635,0.0,4,4,183,8.632e-05,0.00019704,3723.6363636363635,0.0,5
UnstableLinear,0,58.0,59.0,failed,0.025,0.025,0.025,0.05,0.05,0.05,1,1,48,0.00018152,0.00018152,3723.6363636363635,0.0,4,4,187,8.632e-05,0.00019704,3723.6363636363635,0.0,5
UnstableLinear,0,59.0,60.0,failed,0.025,0.025,0.025,0.05,0.05,0.05,1,1,49,0.00018152,0.00018152,3723.6363636363635,0.0,4,4,191,8.632e-05,0.00019704,3723.6363636363635,0.0,5
